brand,count,mean,MAE_million_VND
Honda,178,24821774.273947887,24.821774273947888
Mazda,299,26125581.955800302,26.125581955800303
Hyundai,466,27823034.77111803,27.82303477111803
VinFast,312,28443474.548426732,28.44347454842673
Kia,421,29254393.03997358,29.25439303997358
Mitsubishi,178,36564638.02969561,36.56463802969561
Ford,405,40179462.727892004,40.179462727892
Toyota,778,55673555.24116735,55.67355524116735
Mercedes-Benz,539,83588315.70916705,83.58831570916705
BMW,142,125822577.32683854,125.82257732683854
Lexus,158,160669889.77277339,160.6698897727734
Porsche,108,332522695.44123065,332.52269544123067
